<?xml version="1.0" encoding="UTF-8" standalone="yes"?>
<bankadatok xmlns:xsi="http://www.w3.org/2001/XMLSchema-instance">
	<bankadat>
		<Kod>100</Kod>
		<BIC>HUSTHUHB</BIC>
		<Bank>Magyar Államkincstár</Bank>
	</bankadat>
	<bankadat>
		<Kod>101</Kod>
		<BIC>BUDAHUHB</BIC>
		<Bank>Budapest Bank Zrt.</Bank>
	</bankadat>
	<bankadat>
		<Kod>102</Kod>
		<BIC>OKHBHUHB</BIC>
		<Bank>K&amp;H Bank Zrt.</Bank>
	</bankadat>
	<bankadat>
		<Kod>103</Kod>
		<BIC>MKKBHUHB</BIC>
		<Bank>MKB Bank Nyrt.</Bank>
	</bankadat>
	<bankadat>
		<Kod>104</Kod>
		<BIC>OKHBHUHB</BIC>
		<Bank>K&amp;H Bank Zrt.</Bank>
	</bankadat>
	<bankadat>
		<Kod>107</Kod>
		<BIC>CIBHHUHB</BIC>
		<Bank>CIB Bank Zrt.</Bank>
	</bankadat>
	<bankadat>
		<Kod>108</Kod>
		<BIC>CITIHUHX</BIC>
		<Bank>Citibank Europe Plc</Bank>
	</bankadat>
	<bankadat>
		<Kod>109</Kod>
		<BIC>BACXHUHB</BIC>
		<Bank>UniCredit Bank Hungary Zrt</Bank>
	</bankadat>
	<bankadat>
		<Kod>111</Kod>
		<BIC>CIBHHUHB</BIC>
		<Bank>CIB Bank Zrt.</Bank>
	</bankadat>
	<bankadat>
		<Kod>114</Kod>
		<BIC>MANEHUHH</BIC>
		<Bank>NHB Növekedési Hitel Bank Zrt.</Bank>
	</bankadat>
	<bankadat>
		<Kod>115</Kod>
		<BIC>TAKBHUHB</BIC>
		<Bank>MTB Magyar Takarékszövetkezeti Bank Zrt.</Bank>
	</bankadat>
	<bankadat>
		<Kod>116</Kod>
		<BIC>GIBAHUHB</BIC>
		<Bank>Erste Bank Zrt.</Bank>
	</bankadat>
	<bankadat>
		<Kod>117</Kod>
		<BIC>OTPVHUHB</BIC>
		<Bank>OTP Bank Nyrt.</Bank>
	</bankadat>
	<bankadat>
		<Kod>118</Kod>
		<BIC>INTFBGSF</BIC>
		<Bank>iCARD AD</Bank>
	</bankadat>
	<bankadat>
		<Kod>119</Kod>
		<BIC>GIBAHUHB</BIC>
		<Bank>Erste Bank Zrt.</Bank>
	</bankadat>
	<bankadat>
		<Kod>120</Kod>
		<BIC>UBRTHUHB</BIC>
		<Bank>Raiffeisen Bank Zrt.</Bank>
	</bankadat>
	<bankadat>
		<Kod>121</Kod>
		<BIC>GNBAHUHB</BIC>
		<Bank>Gránit Bank Zrt.</Bank>
	</bankadat>
	<bankadat>
		<Kod>125</Kod>
		<BIC>GIBAHUHB</BIC>
		<Bank>Erste Bank Zrt.</Bank>
	</bankadat>
	<bankadat>
		<Kod>126</Kod>
		<BIC>TRWIBEBB</BIC>
		<Bank>TransferWise Europe SA</Bank>
	</bankadat>
	<bankadat>
		<Kod>128</Kod>
		<BIC>MRKBHUHB</BIC>
		<Bank>MERKANTIL BANK Zrt.</Bank>
	</bankadat>
	<bankadat>
		<Kod>131</Kod>
		<BIC>BNPAHUHX</BIC>
		<Bank>BNP-Paribas Magyarországi fióktelepe</Bank>
	</bankadat>
	<bankadat>
		<Kod>135</Kod>
		<BIC>KODBHUHB</BIC>
		<Bank>KDB Bank Európa Zrt.</Bank>
	</bankadat>
	<bankadat>
		<Kod>137</Kod>
		<BIC>INGBHUHB</BIC>
		<Bank>ING Bank N.V. Magyarországi Fióktelepe</Bank>
	</bankadat>
	<bankadat>
		<Kod>141</Kod>
		<BIC>MAVOHUHB</BIC>
		<Bank>Sberbank Magyarország Zrt.</Bank>
	</bankadat>
	<bankadat>
		<Kod>142</Kod>
		<BIC>COBAHUHX</BIC>
		<Bank>COMMERZBANK ZRT.</Bank>
	</bankadat>
	<bankadat>
		<Kod>144</Kod>
		<BIC>KELRHUHBABC</BIC>
		<Bank>KELER Zrt.</Bank>
	</bankadat>
	<bankadat>
		<Kod>146</Kod>
		<BIC>HBIDHUHB</BIC>
		<Bank>MFB Magyar Fejlesztési Bank Zrt.</Bank>
	</bankadat>
	<bankadat>
		<Kod>148</Kod>
		<BIC>HEXIHUHB</BIC>
		<Bank>Eximbank Zrt.</Bank>
	</bankadat>
	<bankadat>
		<Kod>151</Kod>
		<BIC>PAUALT22</BIC>
		<Bank>Paystrax UAB</Bank>
	</bankadat>
	<bankadat>
		<Kod>162</Kod>
		<BIC>HBWEHUHB</BIC>
		<Bank>MAGNET Bank</Bank>
	</bankadat>
	<bankadat>
		<Kod>163</Kod>
		<BIC>DEUTHU2B</BIC>
		<Bank>Deutsche Bank AG Magyarországi Fióktelep</Bank>
	</bankadat>
	<bankadat>
		<Kod>167</Kod>
		<BIC>MCBHHUHB</BIC>
		<Bank>Magyar Cetelem Bank Zrt.</Bank>
	</bankadat>
	<bankadat>
		<Kod>168</Kod>
		<BIC>FHJBHUHB</BIC>
		<Bank>Takarék Jelzálogbank Nyrt</Bank>
	</bankadat>
	<bankadat>
		<Kod>170</Kod>
		<BIC>OTPVHUHB</BIC>
		<Bank>OTP Bank Nyrt.</Bank>
	</bankadat>
	<bankadat>
		<Kod>171</Kod>
		<BIC>BACXHUHB</BIC>
		<Bank>UniCredit Jelzálogbank Zrt.</Bank>
	</bankadat>
	<bankadat>
		<Kod>175</Kod>
		<BIC>BKCHHUHB</BIC>
		<Bank>Bank of China (CEE) Zrt.</Bank>
	</bankadat>
	<bankadat>
		<Kod>176</Kod>
		<BIC>EHBBHUHS</BIC>
		<Bank>Sopron Bank Zrt.</Bank>
	</bankadat>
	<bankadat>
		<Kod>178</Kod>
		<BIC>BNPAHUHX</BIC>
		<Bank>BNP-Paribas Magyarországi fióktelepe</Bank>
	</bankadat>
	<bankadat>
		<Kod>181</Kod>
		<BIC>TAKBHUHB</BIC>
		<Bank>Takarékbank Zrt.</Bank>
	</bankadat>
	<bankadat>
		<Kod>182</Kod>
		<BIC>TAKBHUHB</BIC>
		<Bank>Takarékbank Zrt.</Bank>
	</bankadat>
	<bankadat>
		<Kod>183</Kod>
		<BIC>BNPAHUHX</BIC>
		<Bank>BNP-Paribas Magyarországi fióktelepe</Bank>
	</bankadat>
	<bankadat>
		<Kod>184</Kod>
		<BIC>OBKLHUHB</BIC>
		<Bank>OBERBANK Ag, Magyarországi fióktelep</Bank>
	</bankadat>
	<bankadat>
		<Kod>186</Kod>
		<BIC>PARBHUHX</BIC>
		<Bank>BNP Paribas Securities Services</Bank>
	</bankadat>
	<bankadat>
		<Kod>187</Kod>
		<BIC>OTPVHUHB</BIC>
		<Bank>Banco Primus Fióktelep Magyarország</Bank>
	</bankadat>
	<bankadat>
		<Kod>190</Kod>
		<BIC>MANEHUHH</BIC>
		<Bank>Magyar Nemzeti Bank</Bank>
	</bankadat>
	<bankadat>
		<Kod>194</Kod>
		<BIC>BORGISRE</BIC>
		<Bank>BORGUN hf.</Bank>
	</bankadat>
	<bankadat>
		<Kod>196</Kod>
		<BIC>CLSBUS33</BIC>
		<Bank>CLS Bank International</Bank>
	</bankadat>
	<bankadat>
		<Kod>197</Kod>
		<BIC>BKCHHUHH</BIC>
		<Bank>Bank of China Limited Mo-i Fióktelepe</Bank>
	</bankadat>
	<bankadat>
		<Kod>200</Kod>
		<BIC>OTPVHUHB</BIC>
		<Bank>OTP Pénztárszolgáltató Zrt.</Bank>
	</bankadat>
	<bankadat>
		<Kod>222</Kod>
		<BIC>OFSZHUHB</BIC>
		<Bank>O.F.SZ. Zrt</Bank>
	</bankadat>
	<bankadat>
		<Kod>296</Kod>
		<BIC>BRELROBU</BIC>
		<Bank>Libra Internet Bank S.A.</Bank>
	</bankadat>
	<bankadat>
		<Kod>500</Kod>
		<BIC>TAKBHUHB</BIC>
		<Bank>MTB Zrt. bankkártya adminisztráció</Bank>
	</bankadat>
	<bankadat>
		<Kod>501</Kod>
		<BIC>TAKBHUHB</BIC>
		<Bank>Takarékbank Zrt.</Bank>
	</bankadat>
	<bankadat>
		<Kod>503</Kod>
		<BIC>TAKBHUHB</BIC>
		<Bank>Takarékbank Zrt.</Bank>
	</bankadat>
	<bankadat>
		<Kod>504</Kod>
		<BIC>TAKBHUHB</BIC>
		<Bank>Takarékbank Zrt.</Bank>
	</bankadat>
	<bankadat>
		<Kod>507</Kod>
		<BIC>TAKBHUHB</BIC>
		<Bank>Takarékbank Zrt.</Bank>
	</bankadat>
	<bankadat>
		<Kod>508</Kod>
		<BIC>TAKBHUHB</BIC>
		<Bank>Takarékbank Zrt.</Bank>
	</bankadat>
	<bankadat>
		<Kod>510</Kod>
		<BIC>TAKBHUHB</BIC>
		<Bank>Takarékbank Zrt.</Bank>
	</bankadat>
	<bankadat>
		<Kod>511</Kod>
		<BIC>TAKBHUHB</BIC>
		<Bank>Takarékbank Zrt.</Bank>
	</bankadat>
	<bankadat>
		<Kod>512</Kod>
		<BIC>TAKBHUHB</BIC>
		<Bank>Takarékbank Zrt.</Bank>
	</bankadat>
	<bankadat>
		<Kod>514</Kod>
		<BIC>TAKBHUHB</BIC>
		<Bank>Takarékbank Zrt.</Bank>
	</bankadat>
	<bankadat>
		<Kod>515</Kod>
		<BIC>TAKBHUHB</BIC>
		<Bank>Takarékbank Zrt.</Bank>
	</bankadat>
	<bankadat>
		<Kod>517</Kod>
		<BIC>TAKBHUHB</BIC>
		<Bank>Takarékbank Zrt.</Bank>
	</bankadat>
	<bankadat>
		<Kod>519</Kod>
		<BIC>TAKBHUHB</BIC>
		<Bank>Takarékbank Zrt.</Bank>
	</bankadat>
	<bankadat>
		<Kod>520</Kod>
		<BIC>TAKBHUHB</BIC>
		<Bank>Takarékbank Zrt.</Bank>
	</bankadat>
	<bankadat>
		<Kod>523</Kod>
		<BIC>TAKBHUHB</BIC>
		<Bank>Takarékbank Zrt.</Bank>
	</bankadat>
	<bankadat>
		<Kod>525</Kod>
		<BIC>TAKBHUHB</BIC>
		<Bank>Takarékbank Zrt.</Bank>
	</bankadat>
	<bankadat>
		<Kod>526</Kod>
		<BIC>TAKBHUHB</BIC>
		<Bank>Takarékbank Zrt.</Bank>
	</bankadat>
	<bankadat>
		<Kod>528</Kod>
		<BIC>TAKBHUHB</BIC>
		<Bank>Takarékbank Zrt.</Bank>
	</bankadat>
	<bankadat>
		<Kod>531</Kod>
		<BIC>TAKBHUHB</BIC>
		<Bank>Takarékbank Zrt.</Bank>
	</bankadat>
	<bankadat>
		<Kod>532</Kod>
		<BIC>TAKBHUHB</BIC>
		<Bank>Takarékbank Zrt.</Bank>
	</bankadat>
	<bankadat>
		<Kod>533</Kod>
		<BIC>TAKBHUHB</BIC>
		<Bank>Takarékbank Zrt.</Bank>
	</bankadat>
	<bankadat>
		<Kod>535</Kod>
		<BIC>TAKBHUHB</BIC>
		<Bank>Takarékbank Zrt.</Bank>
	</bankadat>
	<bankadat>
		<Kod>536</Kod>
		<BIC>TAKBHUHB</BIC>
		<Bank>Takarékbank Zrt.</Bank>
	</bankadat>
	<bankadat>
		<Kod>537</Kod>
		<BIC>TAKBHUHB</BIC>
		<Bank>Takarékbank Zrt.</Bank>
	</bankadat>
	<bankadat>
		<Kod>539</Kod>
		<BIC>TAKBHUHB</BIC>
		<Bank>Takarékbank Zrt.</Bank>
	</bankadat>
	<bankadat>
		<Kod>540</Kod>
		<BIC>TAKBHUHB</BIC>
		<Bank>Takarékbank Zrt.</Bank>
	</bankadat>
	<bankadat>
		<Kod>542</Kod>
		<BIC>TAKBHUHB</BIC>
		<Bank>Takarékbank Zrt.</Bank>
	</bankadat>
	<bankadat>
		<Kod>543</Kod>
		<BIC>TAKBHUHB</BIC>
		<Bank>Takarékbank Zrt.</Bank>
	</bankadat>
	<bankadat>
		<Kod>545</Kod>
		<BIC>TAKBHUHB</BIC>
		<Bank>Takarékbank Zrt.</Bank>
	</bankadat>
	<bankadat>
		<Kod>546</Kod>
		<BIC>TAKBHUHB</BIC>
		<Bank>Takarékbank Zrt.</Bank>
	</bankadat>
	<bankadat>
		<Kod>551</Kod>
		<BIC>TAKBHUHB</BIC>
		<Bank>Takarékbank Zrt.</Bank>
	</bankadat>
	<bankadat>
		<Kod>554</Kod>
		<BIC>TAKBHUHB</BIC>
		<Bank>Takarékbank Zrt.</Bank>
	</bankadat>
	<bankadat>
		<Kod>556</Kod>
		<BIC>TAKBHUHB</BIC>
		<Bank>Takarékbank Zrt.</Bank>
	</bankadat>
	<bankadat>
		<Kod>558</Kod>
		<BIC>TAKBHUHB</BIC>
		<Bank>Takarékbank Zrt.</Bank>
	</bankadat>
	<bankadat>
		<Kod>568</Kod>
		<BIC>TAKBHUHB</BIC>
		<Bank>Takarékbank Zrt.</Bank>
	</bankadat>
	<bankadat>
		<Kod>569</Kod>
		<BIC>TAKBHUHB</BIC>
		<Bank>Takarékbank Zrt.</Bank>
	</bankadat>
	<bankadat>
		<Kod>571</Kod>
		<BIC>TAKBHUHB</BIC>
		<Bank>Takarékbank Zrt.</Bank>
	</bankadat>
	<bankadat>
		<Kod>572</Kod>
		<BIC>TAKBHUHB</BIC>
		<Bank>Takarékbank Zrt.</Bank>
	</bankadat>
	<bankadat>
		<Kod>574</Kod>
		<BIC>TAKBHUHB</BIC>
		<Bank>Takarékbank Zrt.</Bank>
	</bankadat>
	<bankadat>
		<Kod>576</Kod>
		<BIC>TAKBHUHB</BIC>
		<Bank>Takarékbank Zrt.</Bank>
	</bankadat>
	<bankadat>
		<Kod>577</Kod>
		<BIC>TAKBHUHB</BIC>
		<Bank>Takarékbank Zrt.</Bank>
	</bankadat>
	<bankadat>
		<Kod>578</Kod>
		<BIC>TAKBHUHB</BIC>
		<Bank>Takarékbank Zrt.</Bank>
	</bankadat>
	<bankadat>
		<Kod>581</Kod>
		<BIC>TAKBHUHB</BIC>
		<Bank>Takarékbank Zrt.</Bank>
	</bankadat>
	<bankadat>
		<Kod>586</Kod>
		<BIC>DTBAHUHB</BIC>
		<Bank>DUNA Takarék Bank Zrt.</Bank>
	</bankadat>
	<bankadat>
		<Kod>589</Kod>
		<BIC>TAKBHUHB</BIC>
		<Bank>Takarékbank Zrt.</Bank>
	</bankadat>
	<bankadat>
		<Kod>590</Kod>
		<BIC>TAKBHUHB</BIC>
		<Bank>Takarékbank Zrt.</Bank>
	</bankadat>
	<bankadat>
		<Kod>591</Kod>
		<BIC>TAKBHUHB</BIC>
		<Bank>Takarékbank Zrt.</Bank>
	</bankadat>
	<bankadat>
		<Kod>592</Kod>
		<BIC>TAKBHUHB</BIC>
		<Bank>Takarékbank Zrt.</Bank>
	</bankadat>
	<bankadat>
		<Kod>593</Kod>
		<BIC>TAKBHUHB</BIC>
		<Bank>Takarékbank Zrt.</Bank>
	</bankadat>
	<bankadat>
		<Kod>595</Kod>
		<BIC>TAKBHUHB</BIC>
		<Bank>Takarékbank Zrt.</Bank>
	</bankadat>
	<bankadat>
		<Kod>596</Kod>
		<BIC>TAKBHUHB</BIC>
		<Bank>Takarékbank Zrt.</Bank>
	</bankadat>
	<bankadat>
		<Kod>598</Kod>
		<BIC>TAKBHUHB</BIC>
		<Bank>Takarékbank Zrt.</Bank>
	</bankadat>
	<bankadat>
		<Kod>599</Kod>
		<BIC>TAKBHUHB</BIC>
		<Bank>Takarékbank Zrt.</Bank>
	</bankadat>
	<bankadat>
		<Kod>603</Kod>
		<BIC>TAKBHUHB</BIC>
		<Bank>Takarékbank Zrt.</Bank>
	</bankadat>
	<bankadat>
		<Kod>606</Kod>
		<BIC>TAKBHUHB</BIC>
		<Bank>Takarékbank Zrt.</Bank>
	</bankadat>
	<bankadat>
		<Kod>612</Kod>
		<BIC>POLBHU22</BIC>
		<Bank>Polgári Bank Zrt.</Bank>
	</bankadat>
	<bankadat>
		<Kod>614</Kod>
		<BIC>TAKBHUHB</BIC>
		<Bank>Takarékbank Zrt.</Bank>
	</bankadat>
	<bankadat>
		<Kod>616</Kod>
		<BIC>TAKBHUHB</BIC>
		<Bank>Takarékbank Zrt.</Bank>
	</bankadat>
	<bankadat>
		<Kod>619</Kod>
		<BIC>TAKBHUHB</BIC>
		<Bank>Takarékbank Zrt.</Bank>
	</bankadat>
	<bankadat>
		<Kod>620</Kod>
		<BIC>TAKBHUHB</BIC>
		<Bank>Takarékbank Zrt.</Bank>
	</bankadat>
	<bankadat>
		<Kod>621</Kod>
		<BIC>TAKBHUHB</BIC>
		<Bank>Takarékbank Zrt.</Bank>
	</bankadat>
	<bankadat>
		<Kod>623</Kod>
		<BIC>TAKBHUHB</BIC>
		<Bank>Takarékbank Zrt.</Bank>
	</bankadat>
	<bankadat>
		<Kod>626</Kod>
		<BIC>TAKBHUHB</BIC>
		<Bank>Takarékbank Zrt.</Bank>
	</bankadat>
	<bankadat>
		<Kod>627</Kod>
		<BIC>TAKBHUHB</BIC>
		<Bank>Takarékbank Zrt.</Bank>
	</bankadat>
	<bankadat>
		<Kod>628</Kod>
		<BIC>TAKBHUHB</BIC>
		<Bank>Takarékbank Zrt.</Bank>
	</bankadat>
	<bankadat>
		<Kod>629</Kod>
		<BIC>TAKBHUHB</BIC>
		<Bank>Takarékbank Zrt.</Bank>
	</bankadat>
	<bankadat>
		<Kod>632</Kod>
		<BIC>TAKBHUHB</BIC>
		<Bank>Takarékbank Zrt.</Bank>
	</bankadat>
	<bankadat>
		<Kod>633</Kod>
		<BIC>TAKBHUHB</BIC>
		<Bank>Takarékbank Zrt.</Bank>
	</bankadat>
	<bankadat>
		<Kod>636</Kod>
		<BIC>TAKBHUHB</BIC>
		<Bank>Takarékbank Zrt.</Bank>
	</bankadat>
	<bankadat>
		<Kod>638</Kod>
		<BIC>TAKBHUHB</BIC>
		<Bank>Takarékbank Zrt.</Bank>
	</bankadat>
	<bankadat>
		<Kod>640</Kod>
		<BIC>TAKBHUHB</BIC>
		<Bank>Takarékbank Zrt.</Bank>
	</bankadat>
	<bankadat>
		<Kod>644</Kod>
		<BIC>TAKBHUHB</BIC>
		<Bank>Takarékbank Zrt.</Bank>
	</bankadat>
	<bankadat>
		<Kod>647</Kod>
		<BIC>TAKBHUHB</BIC>
		<Bank>Takarékbank Zrt.</Bank>
	</bankadat>
	<bankadat>
		<Kod>648</Kod>
		<BIC>TAKBHUHB</BIC>
		<Bank>Takarékbank Zrt.</Bank>
	</bankadat>
	<bankadat>
		<Kod>651</Kod>
		<BIC>TAKBHUHB</BIC>
		<Bank>Takarékbank Zrt.</Bank>
	</bankadat>
	<bankadat>
		<Kod>652</Kod>
		<BIC>TAKBHUHB</BIC>
		<Bank>Takarékbank Zrt.</Bank>
	</bankadat>
	<bankadat>
		<Kod>655</Kod>
		<BIC>TAKBHUHB</BIC>
		<Bank>Takarékbank Zrt.</Bank>
	</bankadat>
	<bankadat>
		<Kod>657</Kod>
		<BIC>TAKBHUHB</BIC>
		<Bank>Takarékbank Zrt.</Bank>
	</bankadat>
	<bankadat>
		<Kod>659</Kod>
		<BIC>TAKBHUHB</BIC>
		<Bank>Takarékbank Zrt.</Bank>
	</bankadat>
	<bankadat>
		<Kod>660</Kod>
		<BIC>TAKBHUHB</BIC>
		<Bank>Takarékbank Zrt.</Bank>
	</bankadat>
	<bankadat>
		<Kod>669</Kod>
		<BIC>TAKBHUHB</BIC>
		<Bank>Takarékbank Zrt.</Bank>
	</bankadat>
	<bankadat>
		<Kod>670</Kod>
		<BIC>TAKBHUHB</BIC>
		<Bank>Takarékbank Zrt.</Bank>
	</bankadat>
	<bankadat>
		<Kod>676</Kod>
		<BIC>TAKBHUHB</BIC>
		<Bank>Takarékbank Zrt.</Bank>
	</bankadat>
	<bankadat>
		<Kod>678</Kod>
		<BIC>TAKBHUHB</BIC>
		<Bank>Takarékbank Zrt.</Bank>
	</bankadat>
	<bankadat>
		<Kod>679</Kod>
		<BIC>TAKBHUHB</BIC>
		<Bank>Takarékbank Zrt.</Bank>
	</bankadat>
	<bankadat>
		<Kod>680</Kod>
		<BIC>TAKBHUHB</BIC>
		<Bank>Takarékbank Zrt.</Bank>
	</bankadat>
	<bankadat>
		<Kod>682</Kod>
		<BIC>TAKBHUHB</BIC>
		<Bank>Takarékbank Zrt.</Bank>
	</bankadat>
	<bankadat>
		<Kod>685</Kod>
		<BIC>TAKBHUHB</BIC>
		<Bank>Takarékbank Zrt.</Bank>
	</bankadat>
	<bankadat>
		<Kod>687</Kod>
		<BIC>TAKBHUHB</BIC>
		<Bank>Takarékbank Zrt.</Bank>
	</bankadat>
	<bankadat>
		<Kod>688</Kod>
		<BIC>TAKBHUHB</BIC>
		<Bank>Takarékbank Zrt.</Bank>
	</bankadat>
	<bankadat>
		<Kod>693</Kod>
		<BIC>TAKBHUHB</BIC>
		<Bank>Takarékbank Zrt.</Bank>
	</bankadat>
	<bankadat>
		<Kod>694</Kod>
		<BIC>TAKBHUHB</BIC>
		<Bank>Takarékbank Zrt.</Bank>
	</bankadat>
	<bankadat>
		<Kod>695</Kod>
		<BIC>TAKBHUHB</BIC>
		<Bank>Takarékbank Zrt.</Bank>
	</bankadat>
	<bankadat>
		<Kod>698</Kod>
		<BIC>TAKBHUHB</BIC>
		<Bank>Takarékbank Zrt.</Bank>
	</bankadat>
	<bankadat>
		<Kod>701</Kod>
		<BIC>TAKBHUHB</BIC>
		<Bank>Takarékbank Zrt.</Bank>
	</bankadat>
	<bankadat>
		<Kod>703</Kod>
		<BIC>TAKBHUHB</BIC>
		<Bank>Takarékbank Zrt.</Bank>
	</bankadat>
	<bankadat>
		<Kod>704</Kod>
		<BIC>TAKBHUHB</BIC>
		<Bank>Takarékbank Zrt.</Bank>
	</bankadat>
	<bankadat>
		<Kod>705</Kod>
		<BIC>TAKBHUHB</BIC>
		<Bank>Takarékbank Zrt.</Bank>
	</bankadat>
	<bankadat>
		<Kod>706</Kod>
		<BIC>TAKBHUHB</BIC>
		<Bank>Takarékbank Zrt.</Bank>
	</bankadat>
	<bankadat>
		<Kod>709</Kod>
		<BIC>TAKBHUHB</BIC>
		<Bank>Takarékbank Zrt.</Bank>
	</bankadat>
	<bankadat>
		<Kod>718</Kod>
		<BIC>TAKBHUHB</BIC>
		<Bank>Takarékbank Zrt.</Bank>
	</bankadat>
	<bankadat>
		<Kod>719</Kod>
		<BIC>TAKBHUHB</BIC>
		<Bank>Takarékbank Zrt.</Bank>
	</bankadat>
	<bankadat>
		<Kod>721</Kod>
		<BIC>TAKBHUHB</BIC>
		<Bank>Takarékbank Zrt.</Bank>
	</bankadat>
	<bankadat>
		<Kod>726</Kod>
		<BIC>TAKBHUHB</BIC>
		<Bank>Takarékbank Zrt.</Bank>
	</bankadat>
	<bankadat>
		<Kod>727</Kod>
		<BIC>TAKBHUHB</BIC>
		<Bank>Takarékbank Zrt.</Bank>
	</bankadat>
	<bankadat>
		<Kod>728</Kod>
		<BIC>TAKBHUHB</BIC>
		<Bank>Takarékbank Zrt.</Bank>
	</bankadat>
	<bankadat>
		<Kod>729</Kod>
		<BIC>TAKBHUHB</BIC>
		<Bank>Takarékbank Zrt.</Bank>
	</bankadat>
	<bankadat>
		<Kod>732</Kod>
		<BIC>TAKBHUHB</BIC>
		<Bank>Takarékbank Zrt.</Bank>
	</bankadat>
	<bankadat>
		<Kod>736</Kod>
		<BIC>TAKBHUHB</BIC>
		<Bank>Takarékbank Zrt.</Bank>
	</bankadat>
	<bankadat>
		<Kod>739</Kod>
		<BIC>TAKBHUHB</BIC>
		<Bank>Takarékbank Zrt.</Bank>
	</bankadat>
	<bankadat>
		<Kod>740</Kod>
		<BIC>TAKBHUHB</BIC>
		<Bank>Takarékbank Zrt.</Bank>
	</bankadat>
	<bankadat>
		<Kod>745</Kod>
		<BIC>TAKBHUHB</BIC>
		<Bank>Takarékbank Zrt.</Bank>
	</bankadat>
	<bankadat>
		<Kod>750</Kod>
		<BIC>TAKBHUHB</BIC>
		<Bank>Takarékbank Zrt.</Bank>
	</bankadat>
	<bankadat>
		<Kod>755</Kod>
		<BIC>TAKBHUHB</BIC>
		<Bank>Takarékbank Zrt.</Bank>
	</bankadat>
	<bankadat>
		<Kod>757</Kod>
		<BIC>TAKBHUHB</BIC>
		<Bank>Takarékbank Zrt.</Bank>
	</bankadat>
	<bankadat>
		<Kod>803</Kod>
		<BIC>TAKBHUHB</BIC>
		<Bank>Takarékbank Zrt.</Bank>
	</bankadat>
	<bankadat>
		<Kod>806</Kod>
		<BIC>TAKBHUHB</BIC>
		<Bank>Takarékbank Zrt.</Bank>
	</bankadat>
	<bankadat>
		<Kod>880</Kod>
		<BIC>FLTPHUHB</BIC>
		<Bank>Fundamenta-Lakáskassza Zrt.</Bank>
	</bankadat>
	<bankadat>
		<Kod>881</Kod>
		<BIC>OTPVHUHB</BIC>
		<Bank>OTP Lakástakarékpénztár Zrt.</Bank>
	</bankadat>
	<bankadat>
		<Kod>882</Kod>
		<BIC>FLTPHUHB</BIC>
		<Bank>Fundamenta-Lakáskassza Zrt.</Bank>
	</bankadat>
	<bankadat>
		<Kod>883</Kod>
		<BIC>FLTPHUHB</BIC>
		<Bank>Fundamenta-Lakáskassza Zrt.</Bank>
	</bankadat>
	<bankadat>
		<Kod>884</Kod>
		<BIC>OTPJHUHB</BIC>
		<Bank>OTP Jelzálogbank Zrt.</Bank>
	</bankadat>
	<bankadat>
		<Kod>888</Kod>
		<BIC>OKHBHUHB</BIC>
		<Bank>K&amp;H Jelzálogbank Zrt.</Bank>
	</bankadat>
	<bankadat>
		<Kod>903</Kod>
		<BIC>HUPOHUHB</BIC>
		<Bank>Postai Elszámoló Központ</Bank>
	</bankadat>
</bankadatok>